d;a;t;u;m;;z;a;p;s;;o;r;a;l
e;x;i;l;e;;e;l;i;a;;n;a;m;e
m;e;g;y;n;k;e;l;l;y;;f;i;a;t
o;d;e;s;s;a;;e;l;s;;i;n;t;o
;;;s;a;t;a;n;;;e;l;f;i;n
w;i;d;e;n;e;t;;r;o;d;e;o;;
i;d;e;s;;;m;o;u;r;n;;r;u;m
l;e;n;;s;n;o;w;p;e;a;;e;t;a
l;a;v;;l;i;s;l;e;;;a;s;a;p
;;e;r;u;p;t;;r;m;o;n;t;h;s
c;a;r;o;m;;;s;t;i;n;g;;;
a;m;m;o;;a;s;p;;n;e;u;m;a;n
r;b;i;s;;s;l;a;k;e;d;l;i;m;e
l;e;n;t;;k;a;t;o;;g;a;l;e;n
a;r;t;s;;s;t;e;p;;e;r;a;s;e
;;;;;;;;;;;;;;
datum;Bit of information;h;;;;;;;;;;;;
zaps;Hits with a Taser;h;;;;;;;;;;;;
oral;Like the Sabin vaccine;h;;;;;;;;;;;;
exile;Napoleon, twice;h;;;;;;;;;;;;
elia;« Essays of … « (Lamb work);h;;;;;;;;;;;;
name;A-Across on some sports jerseys;h;;;;;;;;;;;;
megynkelly;NBC News hire of January 2017;h;;;;;;;;;;;;
fiat;Autostrada auto;h;;;;;;;;;;;;
odessa;Ukrainian seaport;h;;;;;;;;;;;;
els;Overhead rails, for short;h;;;;;;;;;;;;
into;A big fan of;h;;;;;;;;;;;;
satan;Horned tempter;h;;;;;;;;;;;;
elfin;Like a leprechaun;h;;;;;;;;;;;;
widenet;Something to cast, in an idiom;h;;;;;;;;;;;;
rodeo;algary Stampede event;h;;;;;;;;;;;;
ides;Tough day for Caesar;h;;;;;;;;;;;;
mourn;Wear black, say;h;;;;;;;;;;;;
rum;Pina colada need;h;;;;;;;;;;;;
len;Spy novelist Deighton;h;;;;;;;;;;;;
snowpea;Stir-fry vegetable;h;;;;;;;;;;;;
eta;H, on a frat house;h;;;;;;;;;;;;
lav;Bathroom, briefly;h;;;;;;;;;;;;
lisle;Hosiery fabric;h;;;;;;;;;;;;
asap;« Now ! » on a memp;h;;;;;;;;;;;;
erupt;Blow a gasket;h;;;;;;;;;;;;
rmonths;When to eat oysters, it's said;h;;;;;;;;;;;;
carom;Billiards bounce;h;;;;;;;;;;;;
sting;Jellyfish attack;h;;;;;;;;;;;;
ammo;Bullets and buckshot;h;;;;;;;;;;;;
asp;Cleopatra's killer;h;;;;;;;;;;;;
neuman;Alfred E. of Mad magazine;h;;;;;;;;;;;;
rbis;Triple Crown stats (Abbr.);h;;;;;;;;;;;;
slakedlime;Calcium hydroxide, familiarly;h;;;;;;;;;;;;
lent;Period after Fat Tuesday;h;;;;;;;;;;;;
kato;The Green Hornet's aide;h;;;;;;;;;;;;
galen;Ancient Greek physician;h;;;;;;;;;;;;
arts;Creative endeavors;h;;;;;;;;;;;;
step;Big first for a baby;h;;;;;;;;;;;;
erase;Clear of files;h;;;;;;;;;;;;
demo;Showroom sample;v;;;;;;;;;;;;
axed;Chopped down;v;;;;;;;;;;;;
tige;Buster's bulldog;v;;;;;;;;;;;;
ulysses;Joyce novel that inspired Bloomsday;v;;;;;;;;;;;;
mensan;One of the smart set;v;;;;;;;;;;;;
zee;Zed, stateside;v;;;;;;;;;;;;
allen;Ethan … furniture;v;;;;;;;;;;;;
pill;Aspirin unit;v;;;;;;;;;;;;
says;« Simon … ___ »;v;;;;;;;;;;;;
onfile;In the database, say;v;;;;;;;;;;;;
rainforest;Endangered Amazon region;v;;;;;;;;;;;;
amati;Stradivari's mentor;v;;;;;;;;;;;;
leton;Admit knowing;v;;;;;;;;;;;;
kate;Royal Middleton;v;;;;;;;;;;;;
atmost;As a maximum;v;;;;;;;;;;;;
edna;« Show Boat » author Ferber;v;;;;;;;;;;;;
will;Smith who portrayed Ali;v;;;;;;;;;;;;
idea;Inventor's flash;v;;;;;;;;;;;;
denvermint;Source of much U. S coinage;v;;;;;;;;;;;;
rupert;Media mogul Murdoch;v;;;;;;;;;;;;
ore;Tramcar load;v;;;;;;;;;;;;
owl;Hogwarts bird;v;;;;;;;;;;;;
utah;A Four Corners state;v;;;;;;;;;;;;
maps;GPS graphics;v;;;;;;;;;;;;
slum;Urban renewal target;v;;;;;;;;;;;;
nip;Puppy's bite;v;;;;;;;;;;;;
angular;Having sharp corners;v;;;;;;;;;;;;
roosts;Places to perch;v;;;;;;;;;;;;
mine;Source of 30-Down;v;;;;;;;;;;;;
onedge;Unable to relax;v;;;;;;;;;;;;
carla;Rhea's rôle on « Cheers »;v;;;;;;;;;;;;
amber;Stoplight color;v;;;;;;;;;;;;
spate;Sudden outpouring;v;;;;;;;;;;;;
asks;Sets as a price;v;;;;;;;;;;;;
slat;Box-spring support;v;;;;;;;;;;;;
mila;Kunis of « Black Swan »;v;;;;;;;;;;;;
ames;lowa State's home;v;;;;;;;;;;;;
nene;Leakes of « Real Housewives » fame;v;;;;;;;;;;;;
kop;Keystone lawman;v;;;;;;;;;;;;
